unused1,messageId,unused2,increaseId
0,36,0,1
0,10,0,0
0,262,0,1
0,231,0,0
0,10,0,0
0,54,0,0
0,10,0,0
0,231,0,0
0,10,0,0
0,10,0,0
0,36,0,1
0,262,0,1
0,200,0,1
0,10,0,0
0,54,0,0
0,54,0,0
0,10,0,0
0,348,0,1
0,69,0,0
0,25,0,0
0,10,0,0
0,36,0,1
0,32,0,1
0,32,0,1
0,32,0,1
0,262,0,1
0,36,0,1
0,10,0,0
0,10,0,0
0,36,0,1
0,262,0,1
0,262,0,1
0,32,0,1
0,32,0,1
0,127,0,0
0,262,0,1
0,36,0,1
0,200,0,1
0,200,0,1
0,32,0,1
0,299,0,1
0,235,0,1
0,32,0,1
0,6,0,1
0,32,0,1
0,10,0,0
0,127,0,0
0,10,0,0
0,71,0,0
0,36,0,1
